<?xml version="1.0" encoding="UTF-8" standalone="yes"?>
<Project>
	<CommuSetting>
		<RS-232>
			<Protocol>1</Protocol>
			<Port>1</Port>
			<Speed>9600</Speed>
			<Size>8</Size>
			<Parity>2</Parity>
			<StopBits>2</StopBits>
			<SendTimeout>5000</SendTimeout>
			<RecvTimeout>30000</RecvTimeout>
			<Retry>3</Retry>
		</RS-232>
		<TCPIP>
			<Adress>192.168.0.200</Adress>
			<Port>10001</Port>
			<SendTimeout>5000</SendTimeout>
			<RecvTimeout>30000</RecvTimeout>
			<Retry>0</Retry>
		</TCPIP>
		<USB>
			<SendTimeout>5000</SendTimeout>
			<RecvTimeout>30000</RecvTimeout>
			<Retry>3</Retry>
		</USB>
	</CommuSetting>
	<ScreenRect>
		<Screen145>
			<AdditionalInfo/>
			<Left>0</Left>
			<Top>0</Top>
			<Right>722</Right>
			<Bottom>393</Bottom>
		</Screen145>
		<Screen295>
			<AdditionalInfo/>
			<Left>1352</Left>
			<Top>305</Top>
			<Right>1665</Right>
			<Bottom>609</Bottom>
		</Screen295>
		<Screen237>
			<AdditionalInfo/>
			<Left>26</Left>
			<Top>26</Top>
			<Right>666</Right>
			<Bottom>426</Bottom>
		</Screen237>
		<Screen245>
			<AdditionalInfo/>
			<Left>26</Left>
			<Top>26</Top>
			<Right>666</Right>
			<Bottom>426</Bottom>
		</Screen245>
		<Screen242>
			<AdditionalInfo/>
			<Left>26</Left>
			<Top>26</Top>
			<Right>666</Right>
			<Bottom>426</Bottom>
		</Screen242>
		<Screen392>
			<AdditionalInfo>EXAMPLE.prg</AdditionalInfo>
			<Left>52</Left>
			<Top>0</Top>
			<Right>1498</Right>
			<Bottom>699</Bottom>
		</Screen392>
		<Screen225>
			<AdditionalInfo>1</AdditionalInfo>
			<Left>99</Left>
			<Top>30</Top>
			<Right>811</Right>
			<Bottom>681</Bottom>
		</Screen225>
		<Screen392>
			<AdditionalInfo>1</AdditionalInfo>
			<Left>26</Left>
			<Top>26</Top>
			<Right>666</Right>
			<Bottom>426</Bottom>
		</Screen392>
		<Screen2852>
			<AdditionalInfo>1</AdditionalInfo>
			<Left>104</Left>
			<Top>104</Top>
			<Right>550</Right>
			<Bottom>366</Bottom>
		</Screen2852>
		<Screen2721>
			<AdditionalInfo>1</AdditionalInfo>
			<Left>182</Left>
			<Top>182</Top>
			<Right>849</Right>
			<Bottom>542</Bottom>
		</Screen2721>
		<Screen2722>
			<AdditionalInfo>1</AdditionalInfo>
			<Left>79</Left>
			<Top>19</Top>
			<Right>746</Right>
			<Bottom>379</Bottom>
		</Screen2722>
		<Screen2723>
			<AdditionalInfo>1</AdditionalInfo>
			<Left>79</Left>
			<Top>19</Top>
			<Right>746</Right>
			<Bottom>379</Bottom>
		</Screen2723>
		<Screen392>
			<AdditionalInfo>1.prg</AdditionalInfo>
			<Left>0</Left>
			<Top>0</Top>
			<Right>639</Right>
			<Bottom>699</Bottom>
		</Screen392>
		<Screen438>
			<AdditionalInfo/>
			<Left>130</Left>
			<Top>130</Top>
			<Right>771</Right>
			<Bottom>527</Bottom>
		</Screen438>
		<Screen227>
			<AdditionalInfo/>
			<Left>156</Left>
			<Top>156</Top>
			<Right>842</Right>
			<Bottom>441</Bottom>
		</Screen227>
		<Screen238>
			<AdditionalInfo>1</AdditionalInfo>
			<Left>78</Left>
			<Top>78</Top>
			<Right>708</Right>
			<Bottom>498</Bottom>
		</Screen238>
		<Screen320>
			<AdditionalInfo/>
			<Left>234</Left>
			<Top>234</Top>
			<Right>768</Right>
			<Bottom>619</Bottom>
		</Screen320>
		<Screen325>
			<AdditionalInfo/>
			<Left>208</Left>
			<Top>208</Top>
			<Right>861</Right>
			<Bottom>663</Bottom>
		</Screen325>
		<Screen300>
			<AdditionalInfo/>
			<Left>-5</Left>
			<Top>-26</Top>
			<Right>651</Right>
			<Bottom>403</Bottom>
		</Screen300>
		<Screen591>
			<AdditionalInfo/>
			<Left>156</Left>
			<Top>156</Top>
			<Right>494</Right>
			<Bottom>441</Bottom>
		</Screen591>
		<Screen441>
			<AdditionalInfo/>
			<Left>24</Left>
			<Top>288</Top>
			<Right>586</Right>
			<Bottom>619</Bottom>
		</Screen441>
		<Screen228>
			<AdditionalInfo/>
			<Left>26</Left>
			<Top>26</Top>
			<Right>341</Right>
			<Bottom>395</Bottom>
		</Screen228>
		<Screen233>
			<AdditionalInfo/>
			<Left>182</Left>
			<Top>182</Top>
			<Right>590</Right>
			<Bottom>488</Bottom>
		</Screen233>
		<Screen392>
			<AdditionalInfo>COMMS</AdditionalInfo>
			<Left>52</Left>
			<Top>52</Top>
			<Right>692</Right>
			<Bottom>452</Bottom>
		</Screen392>
		<Screen2721>
			<AdditionalInfo>0</AdditionalInfo>
			<Left>78</Left>
			<Top>78</Top>
			<Right>745</Right>
			<Bottom>438</Bottom>
		</Screen2721>
		<Screen2852>
			<AdditionalInfo>0</AdditionalInfo>
			<Left>104</Left>
			<Top>104</Top>
			<Right>550</Right>
			<Bottom>366</Bottom>
		</Screen2852>
		<Screen250>
			<AdditionalInfo>1</AdditionalInfo>
			<Left>-80</Left>
			<Top>27</Top>
			<Right>527</Right>
			<Bottom>377</Bottom>
		</Screen250>
		<Screen266>
			<AdditionalInfo>1</AdditionalInfo>
			<Left>-293</Left>
			<Top>16</Top>
			<Right>412</Right>
			<Bottom>357</Bottom>
		</Screen266>
		<Screen252>
			<AdditionalInfo>1</AdditionalInfo>
			<Left>104</Left>
			<Top>104</Top>
			<Right>755</Right>
			<Bottom>445</Bottom>
		</Screen252>
		<Screen277>
			<AdditionalInfo>1</AdditionalInfo>
			<Left>26</Left>
			<Top>26</Top>
			<Right>451</Right>
			<Bottom>297</Bottom>
		</Screen277>
		<Screen2724>
			<AdditionalInfo>1</AdditionalInfo>
			<Left>79</Left>
			<Top>19</Top>
			<Right>746</Right>
			<Bottom>379</Bottom>
		</Screen2724>
		<Screen2725>
			<AdditionalInfo>1</AdditionalInfo>
			<Left>79</Left>
			<Top>19</Top>
			<Right>746</Right>
			<Bottom>379</Bottom>
		</Screen2725>
		<Screen2722>
			<AdditionalInfo>0</AdditionalInfo>
			<Left>-115</Left>
			<Top>-5</Top>
			<Right>552</Right>
			<Bottom>355</Bottom>
		</Screen2722>
		<Screen2796>
			<AdditionalInfo>1</AdditionalInfo>
			<Left>187</Left>
			<Top>86</Top>
			<Right>826</Right>
			<Bottom>445</Bottom>
		</Screen2796>
		<Screen248>
			<AdditionalInfo>1</AdditionalInfo>
			<Left>-314</Left>
			<Top>73</Top>
			<Right>379</Right>
			<Bottom>440</Bottom>
		</Screen248>
		<Screen2078>
			<AdditionalInfo>1</AdditionalInfo>
			<Left>26</Left>
			<Top>26</Top>
			<Right>476</Right>
			<Bottom>344</Bottom>
		</Screen2078>
		<Screen2077>
			<AdditionalInfo>1</AdditionalInfo>
			<Left>104</Left>
			<Top>104</Top>
			<Right>512</Right>
			<Bottom>433</Bottom>
		</Screen2077>
		<Screen2079>
			<AdditionalInfo>1</AdditionalInfo>
			<Left>37</Left>
			<Top>103</Top>
			<Right>487</Right>
			<Bottom>369</Bottom>
		</Screen2079>
		<Screen256>
			<AdditionalInfo>1</AdditionalInfo>
			<Left>52</Left>
			<Top>52</Top>
			<Right>719</Right>
			<Bottom>421</Bottom>
		</Screen256>
		<Screen2819>
			<AdditionalInfo>1</AdditionalInfo>
			<Left>78</Left>
			<Top>78</Top>
			<Right>691</Right>
			<Bottom>435</Bottom>
		</Screen2819>
		<Screen271>
			<AdditionalInfo>1</AdditionalInfo>
			<Left>104</Left>
			<Top>104</Top>
			<Right>515</Right>
			<Bottom>620</Bottom>
		</Screen271>
		<Screen267>
			<AdditionalInfo>1</AdditionalInfo>
			<Left>182</Left>
			<Top>182</Top>
			<Right>807</Right>
			<Bottom>532</Bottom>
		</Screen267>
		<Screen392>
			<AdditionalInfo>LIGHSHOW</AdditionalInfo>
			<Left>0</Left>
			<Top>0</Top>
			<Right>640</Right>
			<Bottom>400</Bottom>
		</Screen392>
		<Screen273>
			<AdditionalInfo>1</AdditionalInfo>
			<Left>130</Left>
			<Top>130</Top>
			<Right>394</Right>
			<Bottom>410</Bottom>
		</Screen273>
		<Screen257>
			<AdditionalInfo>1</AdditionalInfo>
			<Left>156</Left>
			<Top>156</Top>
			<Right>763</Right>
			<Bottom>455</Bottom>
		</Screen257>
		<Screen351>
			<AdditionalInfo>1</AdditionalInfo>
			<Left>208</Left>
			<Top>208</Top>
			<Right>724</Right>
			<Bottom>731</Bottom>
		</Screen351>
		<Screen2796>
			<AdditionalInfo>0</AdditionalInfo>
			<Left>0</Left>
			<Top>0</Top>
			<Right>639</Right>
			<Bottom>359</Bottom>
		</Screen2796>
		<Screen279>
			<AdditionalInfo>0</AdditionalInfo>
			<Left>26</Left>
			<Top>26</Top>
			<Right>420</Right>
			<Bottom>332</Bottom>
		</Screen279>
		<Screen259>
			<AdditionalInfo>1</AdditionalInfo>
			<Left>78</Left>
			<Top>78</Top>
			<Right>607</Right>
			<Bottom>410</Bottom>
		</Screen259>
		<Screen279>
			<AdditionalInfo>1</AdditionalInfo>
			<Left>156</Left>
			<Top>156</Top>
			<Right>550</Right>
			<Bottom>462</Bottom>
		</Screen279>
	</ScreenRect>
	<ProjComment/>
	<RCtype>5</RCtype>
	<MECHA1>RV-7FRL-D</MECHA1>
	<RLNG>3</RLNG>
	<Localization>
	</Localization>
	<Travel_prm_set>0</Travel_prm_set>
	<Travel_use>0</Travel_use>
	<Travel_direct>0</Travel_direct>
	<Travel_joint>0</Travel_joint>
	<Travel_plus>1000.000</Travel_plus>
	<Travel_minus>-1000.000</Travel_minus>
	<Travel_limit_plus>1000.000</Travel_limit_plus>
	<Travel_limit_minus>-1000.000</Travel_limit_minus>
	<Travel_display>1</Travel_display>
	<Travel_width>800.000</Travel_width>
	<Travel_high>300.000</Travel_high>
	<Travel_pitch>0.000</Travel_pitch>
	<Travel_use2>0</Travel_use2>
	<Travel_direct2>1</Travel_direct2>
	<Travel_joint2>1</Travel_joint2>
	<Travel_plus2>1000.000</Travel_plus2>
	<Travel_minus2>-1000.000</Travel_minus2>
	<Travel_limit_plus2>1000.000</Travel_limit_plus2>
	<Travel_limit_minus2>-1000.000</Travel_limit_minus2>
	<Travel_display2>1</Travel_display2>
	<Travel_width2>800.000</Travel_width2>
	<Travel_high2>300.000</Travel_high2>
	<Travel_pitch2>0.000</Travel_pitch2>
	<Connect>1</Connect>
</Project>