<?xml version="1.0" encoding="UTF-8" standalone="yes"?>
<Workspace>
	<Workspace_Title>base</Workspace_Title>
	<Workspace_Vertion>1.1.0</Workspace_Vertion>
	<Workspace_Date>2023/03/18 12:37:40</Workspace_Date>
	<Project>RC1</Project>
	<Display3D>
		<RobotModelType>0</RobotModelType>
	</Display3D>
	<LastLayoutSelect>Layout</LastLayoutSelect>
	<ScreenRect>
		<Screen160>
			<AdditionalInfo/>
			<Left>0</Left>
			<Top>0</Top>
			<Right>316</Right>
			<Bottom>367</Bottom>
		</Screen160>
	</ScreenRect>
</Workspace>